{"cameraMode":{"drawMode":0,"name":"Shaded","section":"Shading Mode"},"sceneLighting":true,"audioPlay":false,"sceneViewState":{"showFog":true,"showMaterialUpdate":false,"showSkybox":true,"showFlares":true,"showImageEffects":true,"showParticleSystems":true},"in2DMode":false,"pivot":{"x":-2.516205310821533,"y":-1.1099681854248047,"z":1.4689680337905884},"rotation":{"x":-0.04620221629738808,"y":-0.37222445011138918,"z":0.01855546236038208,"w":-0.9268063902854919},"size":9.741190910339356,"orthographic":false}